{"sidebar-1":{"recent-posts-2":{"title":"","number":6,"show_date":false},"text-2":{"title":"ABOUT US","text":"Sed ut perspiciatis unde omnis iste natus error sit voluptatem accusantium doloremque laudantium, totam rem aperiam, eaque ipsa quae ab illo inventore veritatis et quasi architecto beatae vitae dicta sunt explicabo. Nemo enim ipsam voluptatem quia voluptas sit aspernatur aut odit aut fugit, sed quia consequuntur magni","filter":false},"tag_cloud-2":{"title":"","taxonomy":"post_tag"}},"shop-sidebar":{"woocommerce_product_search-2":{"title":""},"woocommerce_top_rated_products-2":{"title":"Top Rated Products","number":"5"},"woocommerce_product_categories-2":{"title":"Product Categories","orderby":"name","dropdown":0,"count":"1","hierarchical":0,"show_children_only":0}},"footer-area-1":{"text-3":{"title":"","text":"<img src=\"http:\/\/demo.vegatheme.com\/archi\/wp-content\/uploads\/2015\/07\/logo.png\" alt=\"\"><br\/><br\/>\r\nWe are team based on Brookylin. Our expertise on Interior Design. Sed ut perspiciatis unde omnis iste natus error sit voluptatem accusantium doloremque laudantium, totam rem aperiam, eaque ipsa quae ab illo inventore veritatis et quasi architecto beatae vitae dicta sunt explicabo.","filter":false}},"footer-area-2":{"recent-posts-3":{"title":"LATEST NEWS","number":5,"show_date":false}},"footer-area-3":{"text-4":{"title":"Contact Us","text":"<address>\r\n                                <span>100 Mainstreet Center, Sydney<\/span>\r\n                                <span><strong>Phone:<\/strong>(208) 333 9296<\/span>\r\n                                <span><strong>Fax:<\/strong>(208) 333 9298<\/span>\r\n                                <span><strong>Email:<\/strong><a href=\"mailto:oceanthemes2014@gmail.com\">oceanthemes2014@gmail.com<\/a><\/span>\r\n                                <span><strong>Web:<\/strong><a target=\"_blank\" href=\"http:\/\/themeforest.net\/user\/OceanThemes\/portfolio?ref=OceanThemes\">http:\/\/themeforest.net<\/a><\/span>\r\n                            <\/address>","filter":false}}}